"Scan URL","Page Apex Domain"
"https://urlscan.io/result/019881ac-6245-7413-94f7-a4ef76508e9e/","ethusa.vip"
"https://urlscan.io/result/01988196-ceef-767d-a3af-31ea6952fdd1/","sg-crypto.com"
"https://urlscan.io/result/0198811b-3308-75a5-b9ac-0659969f3230/","aiwei66.com"
"https://urlscan.io/result/01987f38-b6d4-7697-8591-9269b4af68e1/","coinsbma.cc"
"https://urlscan.io/result/01987d78-ace6-719e-80c1-5219e306b4f7/","bfuix.com"
"https://urlscan.io/result/01987c33-6d0c-726e-a3b9-51855fc3141e/","coin-tru.app"
"https://urlscan.io/result/01987b76-f199-75db-a51c-f453ba1dd584/","dkcexpert.com"
"https://urlscan.io/result/01987b12-a4dc-74e8-aa71-404526f5624d/","dkoexpert.com"
"https://urlscan.io/result/019877f6-3c6f-74ff-b408-fa41aee5c303/","useth.us"
"https://urlscan.io/result/019876a0-f45b-7417-9a3b-075beea0265e/","lljre.top"
"https://urlscan.io/result/0198754c-fc04-7731-bfae-e5c406760723/","trustwalletcoin.com"
"https://urlscan.io/result/01987516-ef6b-7688-9b93-dd5f99552170/","waptrade.pages.dev"
"https://urlscan.io/result/01987499-58ed-7558-934a-240734695700/","ifcwbb.top"
"https://urlscan.io/result/019873dc-cd3b-754e-a938-df76b0358cdc/","hk-crypto.com"
"https://urlscan.io/result/0198713d-d4f1-77c2-9ba5-de57054218a6/","cryptov.vip"
"https://urlscan.io/result/01987126-0475-742b-97dc-0540245b2b19/","cryptov.cc"
"https://urlscan.io/result/01987052-948d-77ff-92ea-96f1737bec92/","hk-crypto-vip.com"
"https://urlscan.io/result/01986f54-1f05-73cd-889e-624770a34466/","binancevip.biz"
"https://urlscan.io/result/01986e79-bc34-76fb-a472-afc04b0bfa97/","coinssdex.com"
"https://urlscan.io/result/01986dfd-0aa5-72ec-8409-e85c5abebf91/","crypto-hongkong.com"
"https://urlscan.io/result/01986bb8-0036-76e8-96d7-ee46017e7c6f/","okcicni.cc"
"https://urlscan.io/result/01986adc-a0b1-7169-907b-366608783268/","mejorcrypto.vip"
"https://urlscan.io/result/01986889-71e4-72a9-a7ea-245fc08f3e1c/","coinswfit.club"
"https://urlscan.io/result/01986655-7c53-74ee-8226-2d131debc989/","16879868.com"
"https://urlscan.io/result/019865f6-45e5-751a-883b-e72f0d346d9e/","phanback.com"
"https://urlscan.io/result/01986352-9e3b-757e-ae35-461f39656fe7/","kencptur.com"
"https://urlscan.io/result/01986175-a783-75da-92f1-3e46120fea4e/","trusttrading.cyou"
"https://urlscan.io/result/01986025-caac-747f-9507-f3594a12b294/","tradingcct.cyou"
"https://urlscan.io/result/01985dcb-0f89-717d-9661-68ccd2c4ef4c/","geminigminis.cfd"
"https://urlscan.io/result/01985da8-a3cf-757f-94ab-6f88904beadf/","sgxcoinhako.com"
"https://urlscan.io/result/01985d8a-49d5-777e-93cb-05f42830ae37/","okcniinc.top"
"https://urlscan.io/result/01985c70-06c9-7505-b48e-2ae6101dd7c0/","cryptowed3vip.com"
"https://urlscan.io/result/01985b26-9e47-72ce-805a-10e47b8f93fb/","idaco-jp.com"
"https://urlscan.io/result/01985ae6-74d0-76dd-808a-21cb19cd7492/","bisonwb.com"
"https://urlscan.io/result/0198599d-db0b-724b-ba77-db382dc23f15/","7261d.cc"
"https://urlscan.io/result/01985934-91f1-727c-bbc0-6ea698b9402e/","waw856.co"
"https://urlscan.io/result/01985925-eb01-74ad-ba34-52ebda5ae90b/","dsjexpty.com"
"https://urlscan.io/result/019858f5-6637-700f-b07e-d3cbb013f07a/","nexlumo.xyz"
"https://urlscan.io/result/019858e4-e9db-722b-9ac8-76de1de9f5a8/","okcniinc.shop"
"https://urlscan.io/result/0198588d-0d54-7569-9f88-7c3423336c2e/","obais.io"
"https://urlscan.io/result/01985788-9a76-77ea-9cd9-2e4a7e8f3b6c/","coinbase123.com"
"https://urlscan.io/result/01985420-83d0-738f-ae5f-5c1c92128597/","bitoasiss.com"
"https://urlscan.io/result/019853b0-d482-772a-95d1-1fe9e4e7f552/","hsjteth.com"
"https://urlscan.io/result/019853a3-8727-7409-932b-87de3c7fbd55/","veloravelora.com"
"https://urlscan.io/result/019853a0-6208-7008-86b2-6844e8c1d8af/","jubit888.com"
"https://urlscan.io/result/01985352-cbc8-726d-ac73-12968d1d9af8/","bitpointa.com"
"https://urlscan.io/result/0198522e-9027-737d-9352-18acdf973841/","okcoindex.cn"
"https://urlscan.io/result/01985191-1d69-74b8-b096-096f22a15a70/","zenixziz.com"
"https://urlscan.io/result/0198506a-1b9d-73a2-9ccb-f8dbd3af2b08/","esatoua.com"
"https://urlscan.io/result/01985053-ed0e-7556-b20a-cd3efe04d973/","hsjtex.com"
"https://urlscan.io/result/01984bff-883b-718b-8aaf-83cb5d8b6966/","okcniinc.vip"
"https://urlscan.io/result/01984bfe-f173-723a-9067-6c1950d0e8e2/","okcniinc.com"
"https://urlscan.io/result/01984b4a-6d95-7209-89bf-eff8c87e3a2a/","keeta.investments"
"https://urlscan.io/result/01984a4f-700d-7229-b595-de1c2cf02ab1/","ifccbb.top"
"https://urlscan.io/result/019849bc-17e1-7518-bea7-2e8fc1e2ab2d/","lebb.qpon"
"https://urlscan.io/result/019848e8-8c7c-763a-a2be-643705580391/","oandaoands.com"
"https://urlscan.io/result/019848c0-50e5-73cf-af8e-e7b943423d5e/","a16zvip.com"
"https://urlscan.io/result/0198486f-c79e-7622-8c07-882ed4eaf453/","lekk.shop"
"https://urlscan.io/result/01984810-88e0-749d-b7fa-eb54209053bf/","ciscost.net"
"https://urlscan.io/result/01984773-eec0-7733-b6a9-e4b30a5c4fc7/","ifcubb.top"
"https://urlscan.io/result/0198476f-4fa5-73c0-9703-3d5af61bb6d8/","nsddb.cc"
"https://urlscan.io/result/01984754-e002-71b8-a044-28de19bf16a0/","us-lsegg.com"
"https://urlscan.io/result/019844f5-cd7e-7029-b653-a2181ead27d8/","vvex.net"
"https://urlscan.io/result/019844e5-a668-767d-9fc9-f55a49b60ce2/","exerty.top"
"https://urlscan.io/result/019844c6-36b2-723c-bbed-39ca76099eba/","goldcoins.cc"
"https://urlscan.io/result/019844af-5d28-7348-b945-88a5e7c2b817/","atomany.online"
"https://urlscan.io/result/019843bd-ae60-703d-93f4-d7035f4c7da1/","atomany.site"
"https://urlscan.io/result/0198439f-9c10-73d8-b525-404e5b2e63b5/","luno-otc.net"
"https://urlscan.io/result/0198439f-87ef-70ae-9b8e-218627d94097/","luno-otc.org"
"https://urlscan.io/result/01984366-bb71-71cf-9441-34fb47bae62a/","uk-lsegg.com"
"https://urlscan.io/result/01984346-ecd9-755e-90fc-a67ca21a698e/","infurablockz.top"
"https://urlscan.io/result/019842fd-6ffa-71be-b96d-05c3c38550d5/","nasbbgi.net"
"https://urlscan.io/result/0198400b-fa77-7291-8d83-2228e9e9b4f3/","xdexgate.co"
"https://urlscan.io/result/01983e19-59a1-74f9-a789-65567fbf7a1e/","tokengold.cc"
"https://urlscan.io/result/01983c79-8bdb-77fb-a21f-c329dcec7d33/","apexjsy.com"
"https://urlscan.io/result/01983bd3-7cf2-729a-b05c-1355536e8750/","ycdnx.cfd"
"https://urlscan.io/result/01983b14-f094-7580-9fe5-44c06b27d84a/","brivobrivo.xyz"
"https://urlscan.io/result/01983a12-6572-73ae-af1f-53446cbdf87c/","exerty.org"
"https://urlscan.io/result/019839d2-e70e-7794-94cd-c597aa1e9fd2/","fxcn-uoce.top"
"https://urlscan.io/result/01983956-688d-735a-85c6-687c4254c73f/","okifc.xyz"
"https://urlscan.io/result/01983534-ad09-7533-b064-edbbeb3cb0d4/","quick-loans.cc"
"https://urlscan.io/result/01983534-a509-712d-921c-371ceec934d3/","osl258.com"
"https://urlscan.io/result/01983501-8df5-7445-b81c-7436654d402b/","sgxcoinhako.top"
"https://urlscan.io/result/019834f5-8cc5-762e-8bc4-5efdbf85b265/","messengercontact.me"
"https://urlscan.io/result/01983487-8963-75a8-bc9c-50b68802e4e0/","virtuexvi.sbs"
"https://urlscan.io/result/0198334d-4f86-7117-b39e-bfb2826334ea/","tradingcctt.com"
"https://urlscan.io/result/01983341-7d36-752e-bb5c-36403f263d00/","ckramx.com"
"https://urlscan.io/result/0198328f-afd8-763a-93dd-f1b6a0956657/","naopweb.com"
"https://urlscan.io/result/019831aa-8023-76ce-b07a-1d09c8bbaeb1/","gate-com-cn.xyz"
"https://urlscan.io/result/01983180-625f-7269-a43e-73ca574b76a8/","futuresbaw.com"
"https://urlscan.io/result/019830df-a8ca-72ce-ae5a-5457ddc4a3a4/","iniiniss.cfd"
"https://urlscan.io/result/01982fdc-8731-7542-a85b-435b69def9d2/","exerty.cc"
"https://urlscan.io/result/01982efa-060c-73ca-83ae-ea30eec0f310/","capstons.com"
"https://urlscan.io/result/01982ee3-24d4-7068-800c-f5d71eee6784/","hfu888.top"
"https://urlscan.io/result/01982bf3-4e1b-739e-8b24-fa19418b80ef/","gate-cn.cc"
"https://urlscan.io/result/01982be3-3fa9-7025-b1e0-0f49a3378155/","coonmebvx.com"
"https://urlscan.io/result/01982b8e-90e3-757d-85e5-30d3ffd9375e/","nasdaotr.com"
"https://urlscan.io/result/0198290c-2ebf-77ad-a818-ebcd8d350841/","fortex.icu"
"https://urlscan.io/result/0198275f-a20f-76a8-bdab-360abe6cf670/","miforex.vip"